,City,Country,Lat,Lon,Tmax,% H,Cloudiness,Wind v,Date
0,Mayo,US,38.8876,-76.5119,46.0,100,90,3.44,1614607236
1,Clyde River,CA,70.4692,-68.5914,-14.8,64,75,24.16,1614607237
2,Albany,US,42.6001,-73.9662,39.99,86,100,6.62,1614607028
3,Concepción del Oro,MX,24.6333,-101.4167,54.14,41,23,1.5,1614607240
4,Cape Town,ZA,-33.9258,18.4232,84.2,34,40,8.05,1614607162
5,Hyderabad,IN,17.3753,78.4744,84.99,51,40,4.61,1614607211
6,Pevek,RU,69.7008,170.3133,-25.15,88,2,2.19,1614607243
7,Barrow,US,71.2906,-156.7887,-18.4,69,90,10.36,1614607245
8,Touros,BR,-5.1989,-35.4608,80.6,83,40,4.61,1614607247
9,Zapolyarnyy,RU,69.4154,30.8136,33.8,64,0,24.16,1614607248
10,Chokurdakh,RU,70.6333,147.9167,-24.21,87,49,6.76,1614607249
11,Maţāy,EG,28.419,30.7792,71.6,27,0,11.5,1614607217
12,Dondo,MZ,-19.6094,34.7431,84.2,65,20,13.8,1614607252
13,Santa Cruz de la Sierra,BO,-17.8,-63.1667,86.0,58,20,11.5,1614607127
14,Jamestown,US,42.097,-79.2353,33.01,95,90,16.28,1614607062
15,Bluff,NZ,-46.6,168.3333,57.0,96,97,3.02,1614607244
16,Busselton,AU,-33.65,115.3333,66.0,80,100,1.01,1614607257
17,Mayumba,GA,-3.432,10.6554,82.76,79,24,12.44,1614607258
18,Bredasdorp,ZA,-34.5322,20.0403,82.4,54,100,9.22,1614607259
19,Göksun,TR,38.021,36.4973,57.2,33,40,9.22,1614607261
20,Vila Franca do Campo,PT,37.7167,-25.4333,59.0,72,20,11.5,1614607262
21,Mataura,NZ,-46.1927,168.8643,57.0,96,92,1.25,1614607264
22,Krivosheino,RU,57.3431,83.9261,-0.4,92,100,9.26,1614607265
23,Kaitangata,NZ,-46.2817,169.8464,56.55,95,74,3.38,1614607266
24,Qingdao,CN,36.0986,120.3719,30.0,80,0,13.42,1614607268
25,Sampit,ID,-2.5333,112.95,77.31,84,67,2.44,1614607269
26,Tuatapere,NZ,-46.1333,167.6833,57.0,96,23,3.74,1614607270
27,Carnarvon,AU,-24.8667,113.6333,77.0,78,52,8.05,1614607271
28,Saskylakh,RU,71.9167,114.0833,-31.99,83,93,4.97,1614607273
29,Timizart,DZ,36.8,4.2667,69.08,40,45,7.58,1614607274
30,Port Alfred,ZA,-33.5906,26.891,80.8,63,17,31.36,1614607275
31,Bambous Virieux,MU,-20.3428,57.7575,84.2,74,75,13.8,1614607277
32,Ushuaia,AR,-54.8,-68.3,42.8,81,75,11.5,1614607278
33,Loralai,PK,30.3705,68.598,58.59,15,0,7.83,1614607279
34,Grand-Santi,GF,4.25,-54.3833,83.75,63,46,4.7,1614607280
35,Saint-Philippe,RE,-21.3585,55.7679,84.2,65,20,25.32,1614607282
36,Brae,GB,60.3964,-1.353,46.4,81,75,14.97,1614607283
37,Arlit,NE,18.7369,7.3853,93.47,11,97,13.22,1614607284
38,Vaini,TO,-21.2,-175.2,73.4,100,40,5.75,1614607286
39,Stokmarknes,NO,68.5646,14.9108,41.0,81,75,27.63,1614607287
40,Codrington,AU,-38.2667,141.9667,55.49,59,99,13.22,1614607288
41,Qaanaaq,GL,77.484,-69.3632,-3.44,66,34,10.69,1614607290
42,Tasiilaq,GL,65.6145,-37.6368,19.4,79,1,6.91,1614607291
43,San Patricio,US,28.017,-97.5169,71.6,100,90,6.91,1614607292
44,Careiro da Várzea,BR,-3.2003,-59.8119,80.6,78,75,4.61,1614607294
45,Punta Arenas,CL,-53.15,-70.9167,46.4,57,0,11.5,1614607224
46,Isangel,VU,-19.55,169.2667,77.58,82,7,9.44,1614607296
47,Asău,RO,46.4333,26.4,39.0,58,100,7.99,1614607297
48,Jalu,LY,29.0331,21.5482,70.95,28,0,7.67,1614607299
49,Lebu,CL,-37.6167,-73.65,64.15,77,63,20.09,1614607300
50,Faya,SA,18.3851,42.4509,66.2,45,0,12.66,1614607301
51,Cairns,AU,-16.9167,145.7667,73.4,94,90,4.61,1614607303
52,Grootfontein,NA,-19.5667,18.1167,78.8,50,40,6.91,1614607304
53,Nikolskoye,RU,59.7035,30.7861,42.01,65,0,17.9,1614607305
54,Bogoslovka,RU,53.2084,44.8013,13.21,94,93,6.08,1614607307
55,Zverinogolovskoye,RU,54.4586,64.8542,-2.6,93,85,0.22,1614607308
56,Kuah,MY,6.3265,99.8432,84.2,79,20,3.44,1614607309
57,New Norfolk,AU,-42.7826,147.0587,52.0,73,100,3.0,1614607312
58,Lorengau,PG,-2.0226,147.2712,82.36,78,71,8.41,1614607313
59,Chui,UY,-33.6971,-53.4616,77.05,66,90,12.64,1614607314
60,Yangi Marg`ilon,UZ,40.4272,71.7189,46.4,46,0,6.91,1614607316
61,Puerto Escondido,MX,15.85,-97.0667,69.8,88,1,5.75,1614607317
62,Umm Hājar,TD,13.2954,19.6966,101.5,8,0,8.08,1614607318
63,Puerto Ayora,EC,-0.7393,-90.3518,75.99,98,0,5.99,1614607320
64,Eravur,LK,7.7733,81.6095,78.17,67,0,5.39,1614607321
65,Lüderitz,NA,-26.6481,15.1594,72.77,64,0,6.96,1614607323
66,Hithadhoo,MV,-0.6,73.0833,82.94,63,1,8.93,1614607324
67,Warman,CA,52.3168,-106.5679,12.2,79,90,18.41,1614607202
68,Hobart,AU,-42.8794,147.3294,52.0,87,75,14.97,1614607240
69,Kapaa,US,22.0752,-159.319,71.6,73,90,24.16,1614607328
70,Oriximiná,BR,-1.7656,-55.8661,74.46,93,99,2.77,1614607330
71,Camopi,GF,3.1655,-52.3158,76.66,91,98,3.02,1614607305
72,Tautira,PF,-17.7333,-149.15,78.8,78,20,3.44,1614607310
73,Cockburn Town,TC,21.4612,-71.1419,76.03,73,30,23.4,1614607334
74,Poum,NC,-20.2333,164.0167,80.28,71,64,9.64,1614607336
75,Dessie,ET,11.1333,39.6333,59.61,70,100,4.94,1614607337
76,Skjervøy,NO,70.0311,20.9714,33.8,86,75,26.46,1614607338
77,Capreol,CA,46.706,-80.9225,14.0,52,75,13.8,1614607340
78,Rikitea,PF,-23.1203,-134.9692,77.59,68,57,7.81,1614607341
79,Cidreira,BR,-30.1811,-50.2056,77.5,74,66,14.16,1614607343
80,Flinders,AU,-34.5833,150.8552,70.0,81,67,1.01,1614607345
81,Kavieng,PG,-2.5744,150.7967,83.19,75,99,9.57,1614607347
82,Cabo San Lucas,MX,22.8909,-109.9124,64.99,51,20,1.68,1614607326
83,Hasaki,JP,35.7333,140.8333,55.4,88,75,8.05,1614607349
84,Inhambane,MZ,-23.865,35.3833,86.0,58,75,14.97,1614607350
85,Bambanglipuro,ID,-7.95,110.2833,80.24,79,97,3.44,1614607351
86,Hermanus,ZA,-34.4187,19.2345,71.01,89,97,4.09,1614607353
87,Sembakung,ID,3.8167,117.25,82.4,78,40,4.61,1614607354
88,Khatanga,RU,71.9667,102.5,-27.71,86,88,3.53,1614607355
89,Maniitsoq,GL,65.4167,-52.9,6.66,89,100,15.59,1614607357
90,Mendi,PG,-6.1761,143.6513,56.71,97,100,1.63,1614607358
91,Nemuro,JP,43.3236,145.575,27.75,99,100,17.63,1614607359
92,Mumford,GH,5.2618,-0.759,83.39,73,86,9.86,1614607361
93,Pahrump,US,36.2083,-115.9839,28.4,31,1,1.57,1614607198
94,Norwich,GB,52.6278,1.2983,42.01,100,75,6.91,1614607258
95,Saint Paul Harbor,US,57.79,-152.4072,28.4,74,90,11.52,1614607364
96,Whittlesea,ZA,-32.1759,26.8244,81.59,37,88,9.01,1614607365
97,Norman Wells,CA,65.282,-126.8329,-29.2,68,40,3.44,1614607366
98,Agadez,NE,19.75,10.25,82.51,13,99,8.66,1614607368
99,Rovaniemi,FI,66.5,25.7167,39.2,48,0,17.27,1614607314
100,Provideniya,RU,64.3833,-173.3,-11.09,84,100,20.74,1614607371
101,Port Lincoln,AU,-34.7333,135.8667,61.05,81,100,22.26,1614607372
102,Thompson,CA,55.7435,-97.8558,-27.4,75,40,5.08,1614607373
103,Xam Nua,LA,20.4197,104.0439,63.79,73,0,2.68,1614607376
104,Hirado,JP,33.3597,129.5531,66.0,61,100,7.0,1614607229
105,Yar-Sale,RU,66.8333,70.8333,-6.02,91,98,17.18,1614607379
106,Nizhniy Odes,RU,63.6445,54.856,15.21,96,100,14.29,1614607380
107,Palu,ID,-0.8917,119.8707,76.98,79,100,0.92,1614607091
108,Sosnovo-Ozerskoye,RU,52.5249,111.5418,-10.7,90,2,4.38,1614607383
109,Broken Hill,AU,-31.95,141.4333,75.2,29,0,10.36,1614607385
110,Jijiga,ET,9.35,42.8,78.62,27,97,13.2,1614607386
111,Beloha,MG,-25.1667,45.05,78.76,76,100,16.08,1614607388
112,Bowen,AU,-20.0167,148.2333,77.0,94,75,14.97,1614607389
113,Huesca,ES,42.1362,-0.4087,53.6,58,75,10.36,1614607390
114,Hilo,US,19.7297,-155.09,69.8,83,90,5.88,1614607244
115,Plettenberg Bay,ZA,-34.0527,23.3716,78.57,66,51,5.44,1614607393
116,Atuona,PF,-9.8,-139.0333,79.11,75,21,12.37,1614607394
117,Stornoway,GB,58.2093,-6.3865,48.99,81,75,12.66,1614607395
118,Les Cayes,HT,18.2,-73.75,79.5,63,1,1.61,1614607397
119,George Town,MY,5.4112,100.3354,86.0,70,20,2.3,1614607207
120,Kemijärvi,FI,66.7131,27.4306,33.19,89,82,13.11,1614607399
121,Bethel,US,41.3712,-73.414,41.0,87,90,6.24,1614607401
122,Torbay,CA,47.6666,-52.7314,32.0,93,90,19.57,1614607386
123,Kamenka,RU,51.3223,42.7678,26.01,80,54,4.03,1614607403
124,Souillac,MU,-20.5167,57.5167,84.2,74,75,13.8,1614607263
125,Hervey Bay,AU,-25.2986,152.8535,79.0,81,92,5.99,1614607405
126,Sovetskiy,RU,61.3614,63.5842,-7.49,98,33,6.87,1614607407
127,Khuzhir,RU,53.1939,107.3397,4.08,88,100,2.66,1614607408
128,Mossamedes,AO,-15.1961,12.1522,80.6,57,75,17.27,1614607409
129,Marsaxlokk,MT,35.8419,14.5431,61.0,72,75,11.5,1614607410
130,Vícar,ES,36.8316,-2.6427,64.99,55,75,19.57,1614607411
131,Zharkent,KZ,44.1628,80.0,35.65,72,99,2.26,1614607414
132,Saldanha,ZA,-33.0117,17.9442,73.4,73,53,8.05,1614607415
133,Shīeli,KZ,44.1667,66.75,43.74,49,42,3.56,1614607416
134,East London,ZA,-33.0153,27.9116,78.8,69,0,21.85,1614607216
135,Shihezi,CN,44.3,86.0333,10.11,94,72,2.68,1614607418
136,Yellowknife,CA,62.456,-114.3525,-9.99,58,90,11.5,1614607201
137,Tuktoyaktuk,CA,69.4541,-133.0374,-32.37,81,33,5.57,1614607421
138,Vardø,NO,70.3705,31.1107,33.8,80,40,20.71,1614607422
139,Labé,GN,11.3182,-12.2833,90.99,13,77,4.07,1614607423
140,Fukuechō,JP,32.6881,128.8419,59.86,95,100,21.63,1614607424
141,Farnes,NO,61.3167,7.8,41.0,81,75,16.11,1614607425
142,Butaritari,KI,3.0707,172.7902,79.88,80,35,13.82,1614607427
143,Baykit,RU,61.67,96.37,-24.63,80,60,2.51,1614607428
144,Bilma,NE,18.6853,12.9164,88.12,11,62,2.62,1614607429
145,Am Timan,TD,11.0297,20.2827,103.33,8,14,9.89,1614607431
146,Santa Maria,BR,-29.6842,-53.8069,84.29,51,2,6.62,1614607368
147,Andújar,ES,38.0392,-4.0508,66.0,40,80,4.16,1614607433
148,Constitución,CL,-35.3333,-72.4167,70.38,55,0,2.71,1614607299
149,Pangnirtung,CA,66.1451,-65.7125,-14.8,53,75,5.75,1614607435
150,Ilulissat,GL,69.2167,-51.1,1.4,51,40,13.8,1614607436
151,Itimādpur,IN,27.25,78.2,72.7,20,0,9.37,1614607437
152,Faanui,PF,-16.4833,-151.75,82.51,71,100,3.53,1614607438
153,São João da Barra,BR,-21.6403,-41.0511,80.6,74,40,4.72,1614607440
154,Sabang,ID,5.8933,95.3214,82.13,72,99,11.92,1614607442
155,Mar del Plata,AR,-38.0023,-57.5575,75.2,83,75,11.5,1614607393
156,Cocorit,MX,27.5833,-109.9667,46.4,23,40,8.05,1614607445
157,Juli,PE,-16.2167,-69.45,46.45,77,83,7.65,1614607447
158,Caravelas,BR,-17.7125,-39.2481,80.56,71,53,6.85,1614607448
159,Dikson,RU,73.5069,80.5464,-15.23,85,100,22.55,1614607449
160,Champerico,GT,14.3,-91.9167,71.6,88,20,10.36,1614607451
161,Marawi,PH,7.9986,124.2928,79.0,89,59,5.99,1614607452
162,Burdur,TR,37.7203,30.2908,50.0,23,0,9.22,1614607171
163,Castro,BR,-24.7911,-50.0119,74.7,65,98,6.64,1614607455
164,Gemena,CD,3.25,19.7667,106.36,10,0,5.59,1614607457
165,Port Elizabeth,ZA,-33.918,25.5701,77.0,65,0,14.97,1614607399
166,Qaqortoq,GL,60.7167,-46.0333,24.8,42,20,8.05,1614607459
167,Klaksvík,FO,62.2266,-6.589,46.4,100,90,21.85,1614607460
168,Kieta,PG,-6.2167,155.6333,80.08,83,99,7.83,1614607461
169,Saint-Pierre,RE,-21.3393,55.4781,84.2,65,20,25.32,1614607207
170,Samarinda,ID,-0.5,117.15,77.77,81,100,1.54,1614607433
171,Gopālpur,IN,19.2667,84.9167,77.07,79,0,12.82,1614607221
172,Ballina,AU,-28.8667,153.5667,69.8,94,40,5.79,1614607467
173,Beringovskiy,RU,63.05,179.3167,-3.1,91,100,25.84,1614607468
174,Avarua,CK,-21.2078,-159.775,78.8,83,75,4.61,1614607471
175,Monterrey,MX,25.6667,-100.3167,70.0,68,40,6.91,1614607402
176,Sekoma,BW,-24.4,23.8833,76.75,41,67,11.95,1614607473
177,Boyabat,TR,41.4689,34.7667,48.2,53,75,12.66,1614607475
178,São Gabriel da Cachoeira,BR,-0.1303,-67.0892,73.4,100,90,2.3,1614607220
179,Xining,CN,36.6167,101.7667,31.73,76,0,4.36,1614607477
180,Pisco,PE,-13.7,-76.2167,75.2,78,75,2.3,1614607478
181,Kahului,US,20.8947,-156.47,69.8,78,20,13.8,1614607480
182,Arraial do Cabo,BR,-22.9661,-42.0278,82.4,69,40,13.8,1614607481
183,Atar,MR,20.5169,-13.0499,80.67,14,0,10.49,1614607482
184,Margate,GB,51.3813,1.3862,42.01,81,0,1.01,1614607483
185,Kiryat Gat,IL,31.61,34.7642,64.0,54,14,1.99,1614607485
186,Khorixas,NA,-20.3667,14.9667,92.7,22,23,10.94,1614607486
187,Guerrero Negro,MX,27.9769,-114.0611,49.91,41,100,1.72,1614607488
188,San Policarpo,PH,12.1791,125.5072,80.19,84,65,9.66,1614607489
189,St. George's,GD,12.0564,-61.7485,82.4,61,20,17.27,1614607490
190,Kupang,ID,-10.1667,123.5833,77.43,86,100,5.55,1614607492
191,Rocha,UY,-34.4833,-54.3333,77.77,63,100,10.25,1614607227
192,Chernyshevskiy,RU,63.0128,112.4714,-35.79,84,2,0.34,1614607495
193,Glencoe,ZA,-28.1783,30.147,73.76,38,0,6.78,1614607496
194,Ojinaga,MX,29.5667,-104.4167,46.4,36,1,8.05,1614607497
195,Foumban,CM,5.7291,10.9001,97.16,12,58,4.85,1614607499
196,Hamilton,US,39.1834,-84.5333,37.99,75,90,9.22,1614607323
197,Khor,RU,47.8861,134.9464,-7.33,85,0,6.31,1614607501
198,Yatou,CN,37.15,122.3833,33.28,88,29,15.08,1614607503
199,Mount Isa,AU,-20.7333,139.5,82.4,51,20,1.14,1614607243
200,Bandarbeyla,SO,9.4942,50.8122,78.48,71,85,14.47,1614607505
201,Nuuk,GL,64.1835,-51.7216,12.2,73,90,5.75,1614607232
202,Sept-Îles,CA,50.2001,-66.3821,28.4,93,90,29.93,1614607509
203,Nome,US,64.5011,-165.4064,-2.2,60,90,13.8,1614607510
204,Tot'ma,RU,59.9747,42.7642,32.67,97,100,12.26,1614607511
205,Ribeira Grande,PT,38.5167,-28.7,59.0,67,20,14.97,1614607512
206,Manbij,SY,36.5281,37.9549,51.8,58,75,5.75,1614607513
207,Nishihara,JP,26.1842,127.7558,69.8,78,40,4.61,1614607515
208,Walvis Bay,NA,-22.9575,14.5053,80.6,50,0,13.8,1614607517
209,Waipawa,NZ,-41.4122,175.5153,64.4,82,90,8.05,1614607518
210,Kruisfontein,ZA,-34.0033,24.7314,90.1,41,100,19.33,1614607519
211,Anloga,GH,5.7947,0.8973,91.4,62,20,12.66,1614607520
212,Menemen,TR,38.6075,27.0694,59.0,30,0,19.57,1614607522
213,Hong Kong,HK,22.2855,114.1577,72.0,87,5,4.68,1614607377
214,Hualmay,PE,-11.0964,-77.6139,75.76,61,72,6.2,1614607524
215,Dingle,PH,10.9995,122.6711,76.46,83,5,6.42,1614607527
216,Saint-Augustin,CA,51.226,-58.6502,18.19,88,43,7.56,1614607528
217,Birao,CF,10.2849,22.7882,99.57,9,0,11.74,1614607529
218,Havre-St-Pierre,CA,50.2334,-63.5986,28.4,80,90,19.57,1614607530
219,Petropavlovsk-Kamchatskiy,RU,53.0452,158.6483,17.6,62,20,8.95,1614607257
220,Doctor Juan León Mallorquín,PY,-25.4,-55.2667,84.2,65,75,14.97,1614607532
221,Dunedin,NZ,-45.8742,170.5036,61.0,93,65,1.99,1614607280
222,Mahébourg,MU,-20.4081,57.7,84.2,74,75,13.8,1614607535
223,Katsuura,JP,35.1333,140.3,57.99,91,95,1.99,1614607536
224,Kātrās,IN,23.8,86.2833,82.06,18,0,7.11,1614607537
225,Hendaye,FR,43.3717,-1.7738,62.01,51,0,1.14,1614607539
226,Chara,RU,56.9064,118.2631,-24.81,63,46,1.63,1614607542
227,Longyearbyen,SJ,78.2186,15.6401,12.2,73,20,3.44,1614607261
228,Tezu,IN,27.9167,96.1667,71.08,32,61,4.09,1614607544
229,Matata,NZ,-37.8833,176.75,64.0,94,100,1.01,1614607546
230,Aklavik,CA,68.2191,-135.0107,-34.6,74,82,2.26,1614607547
231,Waingapu,ID,-9.6567,120.2641,79.72,78,85,2.68,1614607548
232,San Jerónimo,PE,-11.9472,-75.2829,54.28,60,11,1.5,1614607550
233,Adrar,MR,20.5022,-10.0711,78.01,17,0,8.39,1614607551
234,Upernavik,GL,72.7868,-56.1549,-12.77,84,100,6.82,1614607553
235,Kenai,US,60.5544,-151.2583,15.01,85,90,12.66,1614607554
236,Kokopo,PG,-4.352,152.2633,79.65,81,100,6.93,1614607556
237,Tiksi,RU,71.6872,128.8694,-30.57,85,100,3.31,1614607557
238,Port Blair,IN,11.6667,92.75,79.5,65,0,7.63,1614607559
239,Camacha,PT,33.0833,-16.3333,60.8,67,75,12.66,1614607560
240,Rosarito,MX,32.3333,-117.0333,53.6,22,1,9.53,1614607562
241,Halmstad,SE,56.6745,12.8568,43.0,93,90,11.5,1614607563
242,Ambanja,MG,-13.6833,48.45,82.4,82,75,6.91,1614607565
243,Dwārka,IN,22.2394,68.9678,75.38,61,0,12.03,1614607566
244,Mahajanga,MG,-15.7167,46.3167,84.2,79,40,11.5,1614607567
245,Denpasar,ID,-8.65,115.2167,84.2,74,20,3.44,1614607569
246,Korla,CN,41.7597,86.1469,35.01,79,4,9.28,1614607570
247,Gilgit,PK,35.9221,74.3087,39.02,58,3,3.56,1614607572
248,Abnūb,EG,27.2696,31.1511,71.6,40,0,13.8,1614607573
249,Winslow,US,35.0242,-110.6974,8.6,33,1,4.21,1614607574
250,La Primavera,CO,5.4906,-70.4092,84.09,45,34,15.88,1614607576
251,Riberalta,BO,-10.9833,-66.1,75.2,94,75,5.75,1614607577
252,Eureka,US,40.8021,-124.1637,42.01,100,1,6.91,1614607579
253,Cap Malheureux,MU,-19.9842,57.6142,80.01,72,0,8.99,1614607580
254,Chicama,PE,-7.8447,-79.1469,71.6,88,40,5.75,1614607581
255,Cayenne,GF,4.9333,-52.3333,80.6,74,75,5.75,1614607583
256,Avilés,ES,43.5547,-5.9248,64.0,63,20,2.3,1614607585
257,Geraldton,AU,-28.7667,114.6,73.4,78,5,11.5,1614607587
258,Berdigestyakh,RU,62.0989,126.6992,-24.41,85,99,4.59,1614607588
259,Port Hedland,AU,-20.3167,118.5667,82.4,74,100,6.91,1614607589
260,Jojoima,SL,7.8792,-10.7878,86.38,58,96,1.92,1614607591
261,Salinópolis,BR,-0.6136,-47.3561,82.27,78,21,8.93,1614607592
262,Itagi,BR,-14.1628,-40.0061,83.41,53,26,7.4,1614607593
263,Maple Creek,CA,49.9168,-109.4848,39.2,56,12,17.27,1614607327
264,Iligan,PH,8.2282,124.2412,79.0,89,15,5.99,1614607596
265,Leningradskiy,RU,69.3833,178.4167,-25.24,85,100,1.92,1614607597
266,Iquitos,PE,-3.7481,-73.2472,78.8,83,75,2.3,1614607600
267,Deputatsky,RU,69.3,139.9,-34.44,86,1,0.63,1614607601
268,Solntsevo,RU,51.4185,36.7499,35.6,69,75,4.47,1614607603
269,Belen,TR,36.4891,36.2233,59.0,77,75,4.61,1614607604
270,Turaif,SA,31.6725,38.6637,62.6,36,40,11.5,1614607606
271,Eilat,IL,29.5581,34.9482,75.2,38,0,4.61,1614607314
272,Alès,FR,44.1333,4.0833,62.6,42,0,4.61,1614607608
273,Banda Aceh,ID,5.5577,95.3222,79.56,79,68,11.34,1614607610
274,Kargil,IN,34.5667,76.1,9.03,85,1,2.15,1614607612
275,Gazli,UZ,40.1333,63.45,55.22,36,0,5.97,1614607613
276,Waddān,LY,29.1614,16.139,70.25,24,0,4.18,1614607615
277,Haines Junction,CA,60.7522,-137.5108,5.0,72,100,3.44,1614607616
278,Takoradze,GH,4.8845,-1.7554,84.27,72,77,9.42,1614607617
279,Severo-Yeniseyskiy,RU,60.3725,93.0408,-23.78,88,41,2.33,1614607619
280,Harindānga,IN,22.0383,88.3214,84.2,42,0,3.44,1614607620
281,Piaçabuçu,BR,-10.4056,-36.4344,83.48,67,45,16.93,1614607621
282,Sulangan,PH,11.1373,123.7228,82.29,78,76,10.87,1614607622
283,Puerto Limón,CR,10.0,-83.0333,73.4,94,75,6.91,1614607624
284,Cherskiy,RU,68.75,161.3,-23.71,83,3,3.29,1614607625
285,Manzanillo,CU,20.3433,-77.1167,79.52,55,0,9.51,1614607626
286,Alofi,NU,-19.0595,-169.9187,75.2,100,90,4.61,1614607627
287,Sinnamary,GF,5.3833,-52.95,78.8,84,61,10.67,1614607629
288,Lagoa,PT,39.05,-27.9833,55.83,65,48,12.66,1614607630
289,Labuhan,ID,-6.8844,112.2051,80.26,82,94,4.76,1614607632
290,Port Keats,AU,-14.25,129.55,82.6,78,99,8.88,1614607633
291,Mengcheng,CN,33.2579,116.5655,36.79,85,43,4.52,1614607635
292,Līsakovsk,KZ,52.5369,62.4936,-0.42,94,14,2.01,1614607636
293,Los Llanos de Aridane,ES,28.6585,-17.9182,71.6,53,20,6.91,1614607639
294,Coquimbo,CL,-29.9533,-71.3436,60.8,88,90,2.3,1614607640
295,Akureyri,IS,65.6835,-18.0878,39.2,60,75,17.27,1614607641
296,Mayfield,US,36.7417,-88.6367,39.99,87,1,6.91,1614607642
297,Chhor,PK,25.5167,69.7667,76.57,10,0,5.08,1614607644
298,Ponta do Sol,PT,32.6667,-17.1,64.4,52,40,12.66,1614607645
299,Baška,CZ,49.6458,18.3723,41.0,75,90,6.91,1614607646
300,Forsytheganj,BY,52.6333,29.7333,38.8,81,64,6.31,1614607648
301,Batticaloa,LK,7.7102,81.6924,79.21,66,0,5.93,1614607649
302,Zhigansk,RU,66.7697,123.3711,-25.38,85,93,3.6,1614607650
303,Eydhafushi,MV,5.1033,73.0708,83.3,66,76,9.75,1614607651
304,Kapit,MY,2.0167,112.9333,74.7,93,100,0.43,1614607653
305,North Platte,US,41.1239,-100.7654,23.0,80,1,5.75,1614607654
306,Mercedes,AR,-34.6515,-59.4307,80.01,76,0,1.99,1614607443
307,Paliā Kalān,IN,28.45,80.5833,71.62,19,0,10.16,1614607657
308,Aligoodarz,IR,33.4006,49.6949,42.22,66,59,5.23,1614607658
309,Bukachacha,RU,52.9833,116.9167,-15.16,87,100,0.43,1614607660
310,Xochistlahuaca,MX,16.7833,-98.25,73.9,56,0,1.86,1614607661
311,Fortuna,US,40.5982,-124.1573,42.01,1,0,1.99,1614607663
312,Qax,AZ,41.4225,46.9242,46.4,57,90,6.91,1614607664
313,Byron Bay,AU,-28.65,153.6167,69.8,94,40,7.09,1614607666
314,Bandar-e Lengeh,IR,26.5579,54.8807,75.2,43,5,9.22,1614607667
315,Muroto-misakicho,JP,33.2833,134.15,62.78,83,98,18.14,1614607669
316,Tilichiki,RU,60.4667,166.1,-14.85,87,89,9.84,1614607670
317,Udachny,RU,66.4167,112.4,-40.05,79,89,3.0,1614607672
318,Romitan,UZ,39.9343,64.3814,62.6,22,0,6.87,1614607673
319,Ende,ID,-8.8432,121.6623,77.49,87,99,2.57,1614607674
320,Gizo Government Station,SB,-8.103,156.8419,82.8,78,100,10.51,1614607676
321,Orlik,RU,52.5178,99.825,-0.2,88,100,4.59,1614607677
322,Mizdah,LY,31.4451,12.9801,67.64,25,0,4.18,1614607678
323,Sitka,US,57.0531,-135.33,35.6,93,90,8.05,1614607679
324,Arbazh,RU,57.6804,48.3065,15.13,96,100,9.98,1614607681
325,Lázaro Cárdenas,MX,17.9583,-102.2,71.02,76,0,5.01,1614607683
326,Auki,SB,-8.7676,160.7034,74.8,90,100,6.22,1614607685
327,Matagami,CA,49.7502,-77.6328,-0.4,78,90,20.71,1614607686
328,El Jícaro,GT,14.9167,-89.9,77.0,78,20,0.72,1614607687
329,Lompoc,US,34.6391,-120.4579,45.0,75,1,3.44,1614607688
330,Okhotsk,RU,59.3833,143.3,2.26,89,100,6.93,1614607690
331,Berlevåg,NO,70.8578,29.0864,33.8,86,75,20.71,1614607691
332,San Isidro,PE,-12.1167,-77.05,78.8,73,0,4.61,1614607692
333,Severo-Kuril'sk,RU,50.6789,156.125,20.86,81,82,30.89,1614607693
334,Karatuzskoye,RU,53.6072,92.8667,20.53,96,100,4.92,1614607695
335,Malanje,AO,-9.5402,16.341,77.52,79,100,3.83,1614607696
336,Noril'sk,RU,69.3535,88.2027,-33.38,78,0,6.82,1614607690
337,Alyangula,AU,-13.8483,136.4192,86.25,59,100,11.7,1614607698
338,Talnakh,RU,69.4865,88.3972,-31.76,79,4,8.19,1614607700
339,Myski,RU,53.709,87.8014,29.1,96,100,12.77,1614607702
340,San Jose,US,37.3394,-121.895,48.99,49,1,4.23,1614606925
341,Salalah,OM,17.0151,54.0924,82.4,39,0,5.75,1614607705
342,Ariquemes,BR,-9.9133,-63.0408,75.42,94,100,3.85,1614607452
343,Half Moon Bay,US,37.4636,-122.4286,44.6,75,0,4.32,1614607707
344,Sechura,PE,-5.5569,-80.8222,78.55,59,65,4.72,1614607708
345,Wukari,NG,7.85,9.7833,105.91,7,11,8.5,1614607709
346,Esperance,AU,-33.8667,121.9,66.2,68,75,10.36,1614607711
347,Umarkhed,IN,19.6,77.7,85.75,20,8,4.34,1614607712
348,Sungai Raya,ID,0.7,108.9,79.03,81,27,8.05,1614607713
349,Puerto Colombia,CO,10.9878,-74.9547,78.8,69,0,13.8,1614607665
350,Tazovsky,RU,67.4667,78.7,-16.17,87,100,15.21,1614607716
351,Inverness,GB,57.4791,-4.224,52.0,57,0,3.44,1614607717
352,Henties Bay,NA,-22.116,14.2845,71.01,81,0,14.0,1614607718
353,Huarmey,PE,-10.0681,-78.1522,76.14,61,53,5.93,1614607720
354,Linxia Chengguanzhen,CN,35.6003,103.2064,35.8,69,0,2.13,1614607721
355,Inta,RU,66.0317,60.1659,18.93,96,100,13.89,1614607722
356,Togur,RU,58.3631,82.8265,-7.31,90,59,9.06,1614607724
357,Takaungu,KE,-3.6837,39.8566,89.6,55,20,12.66,1614607725
358,Piteå,SE,65.3172,21.4794,42.8,49,0,20.71,1614607630
359,Nālūt,LY,30.3333,10.85,73.51,19,0,9.4,1614607727
360,Dhidhdhoo,MV,6.8833,73.1,84.06,62,57,8.3,1614607728
361,Ajdabiya,LY,30.7554,20.2263,64.27,52,0,12.62,1614607730
362,Tutóia,BR,-2.7619,-42.2744,84.2,79,75,14.97,1614607731
363,Saratoga Springs,US,43.0831,-73.7846,39.0,92,100,7.02,1614607732
364,Carahue,CL,-38.7,-73.1667,68.0,73,0,4.61,1614607733
365,Muros,ES,42.7762,-9.0603,55.0,84,82,10.0,1614607734
366,Rudnogorsk,RU,57.2639,103.7519,-12.66,91,97,2.46,1614607736
367,Lidköping,SE,58.5052,13.1577,48.0,61,0,10.36,1614607464
368,Mayor Pablo Lagerenza,PY,-19.9309,-60.7718,95.07,37,0,3.22,1614607739
369,Longonjo,AO,-12.9067,15.2533,73.78,71,100,3.94,1614607740
370,Khovd,MN,48.0056,91.6419,23.67,74,100,7.0,1614607742
371,Calvinia,ZA,-31.4707,19.776,69.8,73,100,9.22,1614607743
372,Comodoro Rivadavia,AR,-45.8667,-67.5,60.8,82,40,11.5,1614607615
373,Kismayo,SO,-0.3582,42.5454,80.87,73,9,18.05,1614607746
374,Road Town,VG,18.4167,-64.6167,78.8,73,75,13.8,1614607747
375,Pitkyaranta,RU,61.5734,31.4792,35.35,95,100,13.0,1614607748
376,Vanavara,RU,60.34,102.2797,-20.92,87,100,3.31,1614607750
377,Gorontalo,ID,0.5412,123.0595,76.71,80,100,3.51,1614607586
378,Marsabit,KE,2.3284,37.9899,84.31,25,67,14.65,1614607753
379,Sandusky,US,41.3501,-83.1332,35.01,68,86,11.01,1614607633
380,Fairlie,GB,55.756,-4.8556,51.01,78,0,5.23,1614607755
381,Kamen,DE,51.6,7.6667,50.0,100,90,5.75,1614607756
382,Maputo,MZ,-25.9653,32.5892,79.0,83,75,4.61,1614607541
383,Charyshskoye,RU,51.3978,83.5598,28.09,92,100,11.03,1614607759
384,Litovko,RU,49.2361,135.1742,-2.25,83,0,16.91,1614607760
385,Mosquera,CO,4.7059,-74.2302,60.8,82,40,4.61,1614607761
386,Naze,JP,28.3667,129.4833,65.21,90,40,9.48,1614607764
387,Tornio,FI,65.8481,24.1466,42.8,45,0,19.57,1614607766
388,Hobyo,SO,5.3505,48.5268,80.46,68,66,19.71,1614607767
389,Safaga,EG,26.7292,33.9365,73.4,33,0,13.8,1614607770
390,Aného,TG,6.2333,1.6,91.4,62,20,12.66,1614607771
391,Aykhal,RU,66.0,111.5,-40.5,99,67,2.91,1614607773
392,Petlāwad,IN,23.0,74.8,79.3,11,0,6.06,1614607774
393,Port Antonio,JM,18.18,-76.4612,82.4,65,20,10.36,1614607775
394,Øksfjord,NO,70.2396,22.3479,36.0,86,75,26.46,1614607777
395,Rafai,CF,4.95,23.9167,103.82,8,0,7.7,1614607778
396,Ancud,CL,-41.8697,-73.8203,69.01,82,75,4.61,1614607780
397,Mangla,PK,31.8931,72.3817,67.39,23,0,4.43,1614607783
398,Nyurba,RU,63.2842,118.3319,-29.88,99,52,2.64,1614607785
399,Acarí,PE,-15.4311,-74.6158,79.68,56,96,5.97,1614607786
400,‘Āhuimanu,US,21.4447,-157.8378,73.4,68,40,20.71,1614607788
401,Fare,PF,-16.7,-151.0167,82.47,71,100,5.12,1614607789
402,Mandsaur,IN,24.0667,75.0667,76.41,17,0,6.24,1614607790
403,Vincennes,FR,48.85,2.4333,59.0,50,0,10.36,1614607792
404,Dzhebariki-Khaya,RU,62.2167,135.8,-21.91,86,99,0.87,1614607793
405,Ţahţā,EG,26.7693,31.5021,75.2,29,0,13.8,1614607794
406,Kolomyia,UA,48.5306,25.0403,39.2,75,90,6.71,1614607795
407,Vila Velha,BR,-20.3297,-40.2925,82.99,78,75,8.05,1614607796
408,Noumea,NC,-22.2763,166.4572,71.6,88,0,2.3,1614607798
409,Ayan,RU,56.45,138.1667,-8.07,64,100,12.28,1614607799
410,Borovskoy,KZ,53.8,64.15,-1.19,97,55,3.24,1614607800
411,Mwinilunga,ZM,-11.7358,24.4293,71.85,89,94,4.38,1614607801
412,Seoul,KR,37.5683,126.9778,33.8,93,90,9.22,1614607537
413,Äänekoski,FI,62.6946,25.818,42.8,61,0,14.97,1614607805
414,Orange Cove,US,36.6244,-119.3137,39.99,87,1,5.75,1614607806
415,Bathsheba,BB,13.2167,-59.5167,82.4,51,20,25.32,1614607807
416,São Filipe,CV,14.8961,-24.4956,68.52,72,47,12.44,1614607808
417,San Antonio,US,29.4241,-98.4936,53.6,58,90,17.27,1614607809
418,Kimbe,PG,-5.5502,150.1429,78.48,87,95,4.76,1614607811
419,Coahuayana Viejo,MX,18.7333,-103.6833,71.6,53,1,8.05,1614607812
420,Yarim,YE,14.298,44.3779,60.51,63,19,7.67,1614607813
421,Beyneu,KZ,45.3167,55.2,30.76,92,100,9.44,1614607814
422,Coyhaique,CL,-45.5752,-72.0662,58.15,81,94,5.64,1614607816
423,Grand Gaube,MU,-20.0064,57.6608,80.01,72,0,8.99,1614607817
424,Oodweyne,SO,9.4092,45.064,86.11,26,92,14.99,1614607818
425,Sørland,NO,67.667,12.6934,39.2,75,75,12.66,1614607820
426,Poso,ID,-1.3959,120.7524,81.0,76,100,5.3,1614607821
427,Grindavik,IS,63.8424,-22.4338,41.0,65,75,13.8,1614607823
428,Karratha,AU,-20.7377,116.8463,80.83,52,100,4.16,1614607824
429,Lamu,KE,-2.2717,40.902,81.05,74,36,16.84,1614607825
430,Derzhavīnsk,KZ,51.1,66.3167,9.77,96,100,7.96,1614607827
431,Oulu,FI,65.0124,25.4682,37.99,70,0,19.57,1614607829
432,Itaituba,BR,-4.2761,-55.9836,76.21,96,92,5.32,1614607830
433,Chifeng,CN,42.2683,118.9636,14.79,66,100,1.72,1614607831
434,Wainwright,CA,52.839,-110.8572,15.8,92,69,5.75,1614607832
435,San Andrés,CO,12.5847,-81.7006,82.4,65,20,16.11,1614607684
436,Srednekolymsk,RU,67.45,153.6833,-33.61,83,87,8.01,1614607835
437,Erzin,TR,36.9559,36.2,64.0,32,0,9.15,1614607836
438,Macas,EC,-2.3167,-78.1167,68.0,88,90,1.88,1614607839
439,Jimaní,DO,18.4917,-71.8502,82.4,51,20,9.22,1614607841
440,Tiarei,PF,-17.5333,-149.3333,78.01,83,40,2.3,1614607843
441,Mount Gambier,AU,-37.8333,140.7667,48.2,81,90,5.75,1614607844
442,Kapustin Yar,RU,48.5831,45.7372,29.84,85,0,6.73,1614607845
443,Chatrapur,IN,19.35,84.9833,76.96,79,0,12.37,1614607847
444,Sur,OM,22.5667,59.5289,75.85,58,0,10.22,1614607593
445,Penalva,BR,-3.2942,-45.1736,71.96,98,100,4.32,1614607849
446,Yinchuan,CN,38.4681,106.2731,35.01,27,0,5.99,1614607851
447,Oktyabr'skoye,RU,43.0645,44.7417,39.2,65,75,4.47,1614607852
448,San Cristobal,VE,7.7669,-72.225,77.0,88,40,2.3,1614607853
449,Călăraşi,MD,47.2544,28.3081,39.2,75,90,14.97,1614607855
450,Emba,KZ,48.8264,58.1442,3.9,96,91,7.7,1614607857
451,Aketi,CD,2.7388,23.7833,104.79,11,0,5.06,1614607858
452,Toba Tek Singh,PK,30.9743,72.4827,70.05,21,0,8.59,1614607859
453,Jibert,RO,46.0,25.0667,39.0,79,100,5.99,1614607860
454,Cabedelo,BR,-6.9811,-34.8339,80.6,89,75,8.05,1614607861
455,Kalabo,ZM,-14.97,22.6814,73.78,68,96,7.0,1614607863
456,Vanimo,PG,-2.6741,141.3028,79.95,83,100,8.7,1614607864
457,Gaoual,GN,11.75,-13.2,99.36,11,51,6.08,1614607865
458,Bilibino,RU,68.0546,166.4372,-20.72,81,0,4.65,1614607868
459,Samarai,PG,-10.6167,150.6667,82.17,79,100,10.69,1614607869
460,Klyuchi,RU,52.2667,79.1667,31.46,98,93,11.23,1614607870
461,Nanortalik,GL,60.1432,-45.2371,25.3,92,4,12.91,1614607872
462,Vuktyl,RU,63.8567,57.3094,11.61,95,100,18.54,1614607873
463,Madison,US,34.7334,-86.5667,57.0,100,90,9.44,1614607851
464,Messina,IT,38.1933,15.5497,59.0,58,40,3.44,1614607875
465,Nyuksenitsa,RU,60.4128,44.2397,30.0,98,100,12.48,1614607876
466,Roald,NO,62.5833,6.1333,46.4,87,75,28.77,1614607878
467,Kodra,UA,50.5949,29.5587,37.0,87,75,11.18,1614607880
468,Yumen,CN,40.2833,97.2,37.27,61,0,9.75,1614607882
469,Daru,PG,-9.0763,143.2092,79.74,85,100,13.56,1614607811
470,Gornopravdinsk,RU,60.05,69.9,-5.35,91,8,3.47,1614607885
471,Vetluga,RU,57.8557,45.781,25.52,98,100,11.1,1614607886
472,Ostrovnoy,RU,68.0531,39.5131,29.71,96,70,17.45,1614607887
473,Abhā,SA,18.2164,42.5053,66.2,59,40,8.05,1614607786
474,Airai,TL,-8.9266,125.4092,60.84,100,100,0.56,1614607890
475,Tyrma,RU,50.0833,132.1667,-16.08,85,0,2.48,1614607891
476,Yabrūd,SY,33.9674,36.6574,59.0,51,20,18.41,1614607690
477,Locri,IT,38.2414,16.2623,60.8,63,27,8.05,1614607893
478,Rawson,AR,-43.3002,-65.1023,79.97,36,100,2.66,1614607848
479,Te Anau,NZ,-45.4167,167.7167,54.79,88,21,0.74,1614607896
480,Santa Barbara,US,34.7333,-120.0343,45.0,75,1,6.31,1614607897
481,Pargas,FI,60.3067,22.301,41.0,70,0,11.5,1614607899
482,Felipe Carrillo Puerto,MX,19.5833,-88.05,79.23,75,16,6.22,1614607900
483,Nhulunbuy,AU,-12.2333,136.7667,82.4,83,100,10.36,1614607901
484,Ridgewood,US,40.9793,-74.1165,42.01,100,90,5.75,1614607834
485,Dīr,PK,35.2058,71.8756,47.7,46,0,4.07,1614607904
486,Sorong,ID,-0.8833,131.25,81.95,76,81,4.68,1614607659
487,Ayagoz,KZ,47.9714,80.4392,21.18,93,100,12.73,1614607906
488,Province of Mantua,IT,45.1667,10.7833,61.0,41,0,3.0,1614607907
489,Kyren,RU,51.6828,102.1408,9.39,81,74,3.69,1614607909
490,Saint George,US,37.1041,-113.5841,32.0,34,1,6.91,1614607796
491,Abu Dhabi,AE,24.4667,54.3667,80.6,38,0,8.05,1614607620
492,Doha,QA,25.2867,51.5333,71.6,73,20,9.22,1614607663
493,Irkutsk,RU,52.2978,104.2964,5.0,56,0,13.42,1614607759
494,Lo Arado,MX,19.6167,-104.5833,68.0,73,1,6.91,1614607915
495,Sunndalsøra,NO,62.6754,8.5515,46.4,87,75,32.21,1614607917
496,Amapá,BR,1.0,-52.0,79.57,83,99,4.34,1614607918
497,Bontang,ID,0.1333,117.5,82.22,75,100,2.15,1614607690
498,Vao,NC,-22.6667,167.4833,77.32,81,28,16.96,1614607921
499,Nakambala,ZM,-15.8324,27.7799,65.88,86,100,10.47,1614607922
500,La Romana,DO,18.4273,-68.9728,75.2,94,20,4.61,1614607923
501,Stockbridge,US,33.5443,-84.2338,57.99,94,90,4.61,1614607925
502,Cooma,AU,-36.2333,149.1333,50.0,87,24,4.61,1614607926
503,Tateyama,JP,34.9833,139.8667,60.01,91,99,1.99,1614607927
504,Aborlan,PH,9.4352,118.5492,78.58,82,0,5.01,1614607929
505,Pochutla,MX,15.7432,-96.4661,71.6,78,1,2.17,1614607930
506,Asadābād,IR,34.7824,48.1185,50.0,43,20,6.91,1614607692
507,Taseyevo,RU,57.2169,94.8978,-6.2,89,100,5.08,1614607932
508,Bintulu,MY,3.1667,113.0333,77.0,94,20,3.76,1614607934
509,Edd,ER,13.9297,41.6925,81.34,67,89,12.28,1614607935
510,Olafsvik,IS,64.8945,-23.7142,39.83,71,99,21.12,1614607936
511,Aksu,CN,41.1231,80.2644,36.63,71,0,2.75,1614607937
512,Fairbanks,US,64.8378,-147.7164,-4.0,71,75,9.22,1614607793
513,Mehamn,NO,71.0357,27.8492,35.6,87,75,18.41,1614607940
514,Sisimiut,GL,66.9395,-53.6735,3.54,90,100,17.05,1614607941
515,Rensvik,NO,63.1,7.8167,44.6,87,75,32.21,1614607943
516,Ciudad Real,ES,39.0,-4.0,59.0,63,36,1.99,1614607945
517,Manzhouli,CN,49.6,117.4333,-7.37,90,90,3.8,1614607946
518,Omsukchan,RU,62.5333,155.8,-27.78,92,100,4.25,1614607948
519,Narsaq,GL,60.9167,-46.05,24.8,42,20,8.05,1614607950
520,Malatya Province,TR,38.5,38.0,48.2,29,40,18.41,1614607951
521,Verkh-Usugli,RU,52.7,115.1667,-6.27,91,100,1.28,1614607952
522,Bam,IR,29.106,58.357,70.18,22,52,1.41,1614607955
523,Araouane,ML,18.9048,-3.5265,90.1,10,10,5.86,1614607959
524,Port Macquarie,AU,-31.4333,152.9167,71.01,99,3,8.77,1614607960
525,Nizhnyaya Omka,RU,55.4338,74.9426,5.86,95,92,6.49,1614607961
526,Lufilufi,WS,-13.8745,-171.5986,77.0,100,40,5.75,1614607963
527,Bonthe,SL,7.5264,-12.505,85.51,67,63,10.16,1614607964
528,Palembang,ID,-2.9167,104.7458,80.6,89,20,4.61,1614607965
529,Victor Harbor,AU,-35.5667,138.6167,60.01,68,88,15.75,1614607966
530,Ishigaki,JP,24.3448,124.1572,72.99,77,99,6.87,1614607967
531,Bubaque,GW,11.2833,-15.8333,80.56,48,0,11.01,1614607968
532,Iqaluit,CA,63.7506,-68.5145,-7.6,71,75,11.5,1614607902
533,Maceió,BR,-9.6658,-35.7353,75.2,94,90,6.91,1614607971
534,Alice Springs,AU,-23.7,133.8833,87.01,19,0,8.68,1614607973
535,Santa Marta,CO,11.2408,-74.199,82.99,52,100,18.99,1614607974
536,Hambantota,LK,6.1241,81.1185,82.4,65,20,5.75,1614607975
537,Ahipara,NZ,-35.1667,173.1667,63.18,92,10,5.55,1614607977
538,Holland,US,42.7875,-86.1089,32.0,59,90,13.8,1614607886
539,Southbridge,US,42.0751,-72.0334,39.0,99,100,4.52,1614607760
540,Atyrau,KZ,47.1167,51.8833,30.2,80,75,6.71,1614607980
541,Zhizdra,RU,53.746,34.7395,35.6,69,90,8.95,1614607982
542,Malbork,PL,54.0359,19.0266,52.0,66,0,14.97,1614607876
543,Ürümqi,CN,43.801,87.6005,12.2,73,0,4.47,1614607932
544,Rongcheng,CN,30.634,117.8517,45.97,88,100,6.51,1614607985
545,Chul'man,RU,56.8479,124.9104,-26.37,83,100,2.68,1614607988
546,Fredericton,CA,45.9454,-66.6656,35.6,75,90,13.8,1614607990
547,Itarema,BR,-2.9248,-39.9167,85.01,67,84,14.85,1614607992
548,Chipata,ZM,-13.6333,32.65,69.12,88,100,3.87,1614607993
549,Yārāda,IN,17.65,83.2667,80.6,78,20,4.61,1614607996
550,Port Hardy,CA,50.6996,-127.4199,42.8,93,90,3.44,1614607800
551,Hauterive,FR,46.0901,3.4459,64.4,27,0,11.5,1614607998
552,Rubtsovsk,RU,51.5,81.25,32.41,98,100,23.58,1614607999
553,Charagua,BO,-19.8,-63.2167,75.2,78,75,1.5,1614608001
554,Montepuez,MZ,-13.1256,38.9997,78.58,86,100,3.83,1614608002
555,Santa Fe,AR,-31.6333,-60.7,87.01,64,0,3.0,1614608003
556,Black River,JM,18.0264,-77.8487,82.99,69,20,8.05,1614608004
557,Rio Claro,BR,-22.4114,-47.5614,77.0,73,40,4.61,1614608006
558,Makakilo City,US,21.3469,-158.0858,71.6,68,40,6.91,1614608008
559,Portland,US,45.5234,-122.6762,41.0,87,75,0.16,1614607782
560,Shimoda,JP,34.6667,138.95,50.0,87,66,6.67,1614608010
561,Taoudenni,ML,22.6783,-3.9836,86.0,12,0,11.65,1614608011
562,Liaoyang,CN,41.2719,123.1731,17.6,45,0,8.95,1614608012
563,Flin Flon,CA,54.7682,-101.865,-14.8,64,90,7.78,1614608013
564,Erenhot,CN,43.6475,111.9767,16.25,93,0,3.74,1614608015
565,Verkhnevilyuysk,RU,63.4453,120.3167,-30.26,84,37,3.36,1614607934
566,Teknāf,BD,20.8624,92.3058,73.24,90,0,5.26,1614608017
567,Salina Cruz,MX,16.1667,-95.2,76.12,76,0,3.71,1614608019
568,Sola,VU,-13.8833,167.55,81.64,76,59,11.3,1614608020
569,Maraã,BR,-1.8333,-65.3667,73.27,99,100,0.72,1614608022
570,Hojāi,IN,26.0,92.8667,78.82,29,88,3.74,1614608024
571,Manokwari,ID,-0.8667,134.0833,80.47,75,100,6.91,1614608025
572,Priozyornoye,UA,45.2698,36.3303,39.18,84,92,8.14,1614607939
573,Ihosy,MG,-22.4,46.1167,77.38,77,88,8.61,1614608027
574,Nakhodka,RU,42.8333,132.8947,19.26,79,100,12.44,1614608029
575,Hohhot,CN,40.8106,111.6522,30.2,37,0,6.71,1614608030
576,Castaños,MX,26.7833,-101.4167,66.54,73,15,1.01,1614608031
577,Shache,CN,38.4167,77.2406,42.03,61,0,5.3,1614608033
578,Zabid,YE,14.1951,43.3152,84.36,56,50,5.93,1614608034
579,Rincon,US,32.296,-81.2354,71.6,83,90,11.5,1614608035
580,Imeni Poliny Osipenko,RU,52.4201,136.4853,-15.11,79,0,3.58,1614608036
581,Hay River,CA,60.8156,-115.7999,-5.8,77,75,4.61,1614608037
582,Sangmélima,CM,2.9333,11.9833,86.76,41,100,2.55,1614608039
583,Richards Bay,ZA,-28.783,32.0377,76.64,72,54,9.84,1614608040
584,Marystown,CA,47.1666,-55.1483,31.69,94,50,12.71,1614608043
585,Lata,PT,40.1629,-8.3327,62.01,67,75,6.91,1614608044
586,High Rock,BS,26.6208,-78.2833,78.8,73,75,13.8,1614608047
587,Wentzville,US,38.8114,-90.8529,32.0,85,0,1.01,1614607915
588,Ondangwa,NA,-17.9167,15.95,95.0,24,75,8.05,1614608049
589,Yukhnov,RU,54.7444,35.2297,34.3,91,100,9.24,1614608051
590,Libreville,GA,0.3925,9.4537,84.2,84,20,6.91,1614607971
591,San Quintín,MX,30.4833,-115.95,52.41,52,0,2.57,1614608053
592,Tura,IN,25.5198,90.2201,69.76,25,0,0.78,1614608054
593,Quepos,CR,9.4236,-84.1652,73.4,73,40,10.36,1614608055
594,Rio Grande,BR,-32.035,-52.0986,80.6,78,75,13.8,1614608057
595,Trairi,BR,-3.2778,-39.2689,81.45,82,40,11.65,1614607937
596,City of San Pedro,PH,14.35,121.0167,82.4,74,20,6.91,1614607837
597,Mangan,IN,27.5167,88.5333,60.42,90,100,2.01,1614608061
598,Hofn,IS,64.2539,-15.2082,42.8,61,0,5.75,1614608062
599,Bălţi,MD,47.7617,27.9289,39.0,79,98,10.0,1614608064
600,Minot,US,48.2325,-101.2963,3.2,78,90,11.5,1614608010
601,Solnechnyy,RU,50.7214,136.6319,-7.24,82,9,3.02,1614608067
602,Salinas,US,36.6777,-121.6555,44.6,53,1,14.97,1614607873
603,Arman',RU,59.7,150.1667,-4.32,80,100,8.41,1614608070
604,Buckingham,GB,51.9997,-0.9878,50.0,93,75,10.36,1614608072
605,Shelburne,CA,44.0787,-80.2041,28.99,80,83,18.21,1614608073
606,Hadejia,NG,12.4498,10.0444,99.66,9,0,14.56,1614608075
607,Phulbāni,IN,20.4667,84.2333,75.0,23,0,2.3,1614608076
608,Varhaug,NO,58.6147,5.6457,44.01,90,57,1.99,1614608077
609,Lockhart,US,28.6194,-81.4426,77.0,83,75,11.5,1614607955
610,Porto-Novo,BJ,6.4965,2.6036,89.6,70,20,12.66,1614608079
611,Halvad,IN,23.0167,71.1833,73.53,25,0,6.62,1614608081
612,Ponnampet,IN,12.15,75.9333,70.39,71,0,3.83,1614608082
613,Ossora,RU,59.2353,163.0719,-4.34,84,100,6.15,1614608083
614,Ankazoabo,MG,-22.2833,44.5167,80.74,80,86,3.91,1614608084
615,Yulara,AU,-25.2406,130.9889,89.6,18,3,6.91,1614608086
616,Kibaya,TZ,-5.3,36.5667,69.82,87,100,4.94,1614608087
617,Pokhara,NP,28.2333,83.9833,65.55,28,16,7.58,1614608037
618,Borba,BR,-4.3878,-59.5939,77.29,87,98,3.27,1614608089
619,Lima,PE,-12.0432,-77.0282,78.8,73,0,4.61,1614607827
620,Kashgar,CN,39.4547,75.9797,41.0,52,20,6.71,1614608092
621,Igarka,RU,67.4667,86.5833,-30.84,82,39,8.01,1614608094
622,Bumba,CD,2.1833,22.4667,103.46,15,0,5.1,1614608095
623,Port-Gentil,GA,-0.7193,8.7815,77.0,83,20,11.56,1614608096
624,Juneau,US,58.3019,-134.4197,35.6,80,90,12.66,1614608097
625,Terrace,CA,54.5163,-128.6035,32.0,100,90,2.13,1614607814
626,Bengkulu,ID,-3.8004,102.2655,79.88,83,100,1.25,1614608100
627,Carutapera,BR,-1.195,-46.02,78.62,91,100,5.26,1614608102
628,Katherine,AU,-14.4667,132.2667,84.2,65,1,10.36,1614608103
629,Kumul,CN,42.8,93.45,35.4,25,0,6.73,1614608105
630,Mahabalipuram,IN,12.6264,80.1722,80.6,69,0,6.91,1614608106
631,Betsiamites,CA,48.9413,-68.646,32.0,100,90,9.22,1614608107
632,Kayerkan,RU,69.3497,87.7602,-32.69,79,0,5.99,1614608108
633,Shingū,JP,33.7333,135.9833,58.82,88,97,5.88,1614608110
634,Egvekinot,RU,66.3167,-179.1667,-19.71,81,51,23.4,1614608111
635,Kloulklubed,PW,7.0419,134.2556,77.0,88,75,3.44,1614608112
636,Bossangoa,CF,6.4926,17.4552,105.37,9,0,7.0,1614608113
637,Jamame,SO,0.0722,42.7506,83.46,62,75,17.29,1614608115
638,Celestún,MX,20.8667,-90.4,77.0,73,0,16.06,1614608116
639,Demak,ID,-6.8909,110.6396,82.4,83,40,4.61,1614608117
640,Iranshahr,IR,27.2025,60.6848,82.4,14,0,9.22,1614608118
641,The Valley,AI,18.217,-63.0578,78.8,61,20,14.97,1614607888
642,Marathon,US,44.9,-89.7668,14.0,57,1,13.8,1614608120
643,Saint Anthony,US,45.0205,-93.218,14.0,67,1,9.22,1614608122
644,Taltal,CL,-25.4,-70.4833,70.3,66,1,4.94,1614608126
645,Lewistown,US,40.5992,-77.5714,42.8,100,75,6.91,1614608127
646,Mozarlândia,BR,-14.7447,-50.5706,75.22,86,93,3.02,1614608128
647,Douentza,ML,14.9951,-2.9517,98.37,6,39,8.52,1614608130
648,Bocas del Toro,PA,9.3333,-82.25,72.93,83,100,8.43,1614607925
649,Puro,PH,12.4841,123.3827,78.93,84,60,8.21,1614608132
650,Finnsnes,NO,69.2296,17.9811,33.8,86,90,16.11,1614608134
651,Ginda,IN,30.6945,78.4932,71.6,37,0,4.72,1614608135
652,Simbahan,PH,6.3032,120.5836,83.77,76,0,4.23,1614608136
653,Nagua,DO,19.3832,-69.8474,77.0,78,40,9.22,1614608138
654,Perelyub,RU,51.8667,50.3667,2.97,93,93,6.64,1614608140
655,Maracaí,BR,-22.6106,-50.6672,79.52,69,71,8.41,1614608141
656,Northam,GB,51.0333,-4.2167,50.0,84,8,8.01,1614608144
657,Carlisle,US,40.2015,-77.1889,41.0,87,90,8.05,1614608146
658,Starokostiantyniv,UA,49.7576,27.2034,38.44,75,99,7.9,1614608147
659,Sioux Lookout,CA,50.1001,-91.917,-13.0,70,1,8.05,1614608149
660,Damietta,EG,31.4165,31.8133,66.2,68,20,11.5,1614608150
661,Fort Beaufort,ZA,-32.7748,26.6338,95.16,25,15,10.71,1614608151
662,Tumbes,PE,-3.5667,-80.4414,78.8,89,90,3.24,1614608154
663,Guaíra,BR,-20.3183,-48.3106,80.22,64,97,8.59,1614608155
664,Chopda,IN,21.25,75.3,84.65,18,0,0.83,1614608157
665,Port Shepstone,ZA,-30.7414,30.455,76.73,74,36,20.62,1614608158
666,Lewisporte,CA,49.2499,-55.0482,26.6,93,90,16.11,1614608159
667,Atikokan,CA,48.7555,-91.6216,-10.26,87,0,7.96,1614608160
668,Sidi Ali,DZ,36.0998,0.4206,69.04,38,100,11.83,1614608162
669,Necochea,AR,-38.5473,-58.7368,82.99,61,35,3.0,1614608163
670,Evensk,RU,61.95,159.2333,-0.17,67,100,10.78,1614608164
671,Tokoroa,NZ,-38.2333,175.8667,57.0,89,100,2.24,1614608165
672,Santa Cruz de Tenerife,ES,28.4682,-16.2546,64.0,72,75,16.11,1614607875
673,Guangzhou,CN,23.1167,113.25,72.0,78,75,17.9,1614608044
674,Tiznit Province,MA,29.5833,-9.5,60.26,56,17,11.95,1614608169
675,Arrondissement de Saint-Denis,FR,48.9167,2.3333,55.4,44,0,10.36,1614608170
676,Yerbogachën,RU,61.2767,108.0108,-24.75,86,92,3.38,1614607934
677,Guider,CM,9.9342,13.9486,100.4,10,0,10.74,1614607982
678,Rundu,NA,-17.9333,19.7667,72.9,66,71,8.66,1614608173
679,Foam Lake,CA,51.65,-103.5343,6.8,78,99,24.16,1614608174
680,Simao,CN,22.7886,100.9748,60.96,42,0,2.48,1614608176
